Model,Test MAE,Test RMSE,Test R²
Gradient Boosting,11302.608343477765,15652.862906240744,0.9212201972383899
HistGradientBoosting,11165.714215338761,15717.697829263454,0.9205662260621785
ElasticNet,12252.092959348949,16904.548542676355,0.9081171452954714
Lasso,12363.122041917048,16908.735407741664,0.9080716251499
Ridge,12246.680824097439,16916.018036766094,0.9079924205958039
Linear Regression,12409.07466982397,16953.106501813974,0.90758852403334
Random Forest,13180.445995137356,18293.330327276748,0.8923998493732683
AdaBoost,17365.349726073007,22482.758737956392,0.8374726230583277
KNN,16304.958098510497,23850.26203826836,0.8171000293069735
Decision Tree,18319.45088645003,25266.626986723808,0.7947317102837975
